{"stat.crouchOneCm":19841,"stat.useItem.minecraft.chest":4,"stat.useItem.minecraft.fence_gate":3,"stat.craftItem.minecraft.iron_helmet":1,"stat.useItem.minecraft.iron_bars":22,"stat.killEntity.Sheep":43,"stat.mineBlock.minecraft.sand":1,"stat.useItem.minecraft.sticky_piston":7,"stat.useItem.minecraft.stone_button":7,"achievement.exploreAllBiomes":{"value":0,"progress":["Extreme Hills","Ocean","Extreme Hills Edge","Swampland","River"]},"stat.craftItem.minecraft.iron_chestplate":1,"stat.useItem.minecraft.diamond_shovel":73,"stat.useItem.minecraft.wooden_door":1,"achievement.openInventory":207,"stat.damageDealt":3590,"stat.useItem.minecraft.fence":45,"stat.useItem.minecraft.iron_block":4,"stat.fallOneCm":52448,"stat.flyOneCm":679572,"stat.useItem.minecraft.stone":1,"stat.mineBlock.minecraft.torch":2,"stat.mineBlock.minecraft.wool":84,"stat.damageTaken":1430,"stat.useItem.minecraft.torch":17,"stat.craftItem.minecraft.iron_leggings":1,"stat.useItem.minecraft.diamond_sword":44,"stat.useItem.minecraft.dispenser":4,"stat.useItem.minecraft.ladder":4,"stat.climbOneCm":3370,"stat.useItem.minecraft.cake":1,"stat.useItem.minecraft.redstone":95,"stat.useItem.minecraft.potion":1,"stat.drop":34,"stat.useItem.minecraft.repeater":14,"stat.leaveGame":2,"stat.diveOneCm":116907,"stat.craftItem.minecraft.iron_ingot":45,"stat.useItem.minecraft.cooked_beef":4,"stat.useItem.minecraft.lever":2,"stat.useItem.minecraft.glass":18,"stat.useItem.minecraft.sand":75,"stat.useItem.minecraft.snow":2,"stat.mineBlock.minecraft.fence":1,"stat.timeSinceDeath":255101,"stat.playOneMinute":257223,"stat.useItem.minecraft.redstone_torch":23,"stat.useItem.minecraft.painting":19,"stat.useItem.minecraft.wool":2346,"stat.useItem.minecraft.pumpkin":2,"stat.jump":1921,"stat.swimOneCm":33387,"stat.mobKills":43,"stat.useItem.minecraft.spawn_egg":62,"stat.walkOneCm":1243916,"stat.craftItem.minecraft.iron_boots":1,"stat.useItem.minecraft.trapdoor":3,"stat.mineBlock.minecraft.dirt":73,"stat.useItem.minecraft.sign":1,"stat.sprintOneCm":411416,"stat.useItem.minecraft.dirt":1214}