{"stat.damageDealt":50,"achievement.exploreAllBiomes":{"value":0,"progress":["Ocean","Extreme Hills","River","Swampland","Extreme Hills Edge"]},"stat.useItem.minecraft.snowball":10,"achievement.openInventory":11,"stat.mineBlock.minecraft.sand":1,"stat.climbOneCm":1120,"stat.fallOneCm":4430,"stat.useItem.minecraft.potion":1,"stat.flyOneCm":428,"stat.drop":40,"stat.damageTaken":160,"stat.timeSinceDeath":252946,"stat.leaveGame":1,"stat.playOneMinute":252946,"stat.diveOneCm":2169,"stat.useItem.minecraft.sand":1,"stat.jump":208,"stat.walkOneCm":403878,"stat.sprintOneCm":40354}