{"stat.crouchOneCm":3574,"stat.useItem.minecraft.shears":1,"achievement.exploreAllBiomes":{"value":0,"progress":["Ocean","Extreme Hills","River","Swampland","Extreme Hills Edge"]},"stat.useItem.minecraft.leaves":1,"achievement.openInventory":26,"stat.mineBlock.minecraft.wool":43,"stat.fallOneCm":42562,"stat.flyOneCm":209271,"stat.drop":30,"stat.damageTaken":2310,"stat.timeSinceDeath":188,"stat.leaveGame":1,"stat.playOneMinute":32899,"stat.diveOneCm":1607,"stat.useItem.minecraft.wool":669,"stat.mineBlock.minecraft.leaves":1,"stat.deaths":1,"stat.walkOneCm":111471,"stat.jump":561,"stat.swimOneCm":663,"stat.sprintOneCm":41316}